{"initial_reset_timestamp": 1556769453.7414794, "timestamps": [1556769457.4015265], "episode_lengths": [158], "episode_rewards": [-158.0], "episode_types": ["t"]}